C62	buc
H87	buc
EA	buc
PCE	buc
NAR	buc
XPP	buc
XUN	buc
XPC	buc
XNA	buc
XLU	buc
SET	set
AY	set
AS	set
XSX	set
KT	set
PR	pereche
XPR	pereche
DZN	duzina
DPC	duzina
DPR	duzina
BX	cutie
XBX	cutie
XCT	cutie
XCS	cutie
XOU	cutie
XPK	pachet
XPA	pachet
XPG	pachet
XBE	pachet
CNP	pachet
XRO	rola
XRL	rola
XRD	rola
XBG	sac
XSA	sac
XBO	sticla
XBT	sticla
XJC	bidon
XCN	bidon
XDR	bidon
XBJ	bidon
XTN	bidon
XPX	palet
XPF	palet
XTU	tub
XTV	tub
XST	coala
XBH	legatura
XBU	legatura
MTR	m
LM	m
CMT	cm
MMT	mm
KMT	km
MTK	mp
MTQ	mc
CMK	cm2
LTR	l
MLT	ml
HLT	hl
KGM	kg
GRM	g
MGM	mg
TNE	tona
HUR	ora
MIN	minut
DAY	zi
MON	luna
ANN	an
KWH	kWh
KWT	kW
WTT	W
VLT	V
AMP	A
BAR	bar
